bin1,bin2,n1,n2,mean1,mean2,std1,std2,t_statistic,p_value,cohens_d,significant,highly_significant,response_position
1-6,>7,1572,1205,-0.35001225024366195,-0.5581181488843269,0.9576294839126379,0.8638811233378663,6.000762444131231,2.226382183794228e-09,0.22666255830904464,True,True,1.0
1-6,>7,1501,1176,-0.09011392876960064,-0.2731844313519312,0.8886648735846802,0.8325898020168192,5.481070608073081,4.635401691082684e-08,0.21176905542405888,True,True,2.0
1-6,>7,1385,1172,0.029410097347238123,-0.112727613369333,0.8707932550876395,0.8472730852304675,4.17328218875141,3.1047630360090036e-05,0.16525845924994254,True,True,3.0
1-6,>7,1110,1166,0.10766367122472068,0.03476756519793634,0.9139747679807986,0.9318807682208085,1.8838420731789334,0.05971393807244477,0.07896096905328541,False,False,4.0
1-6,>7,789,1155,0.19005299057546354,0.11786517597146662,0.9677622087211495,0.9394468973561396,1.6342511703804068,0.10239579480311542,0.07590424069205179,False,False,5.0
>7,1-6,1144,375,0.035566405161223794,0.11102732765148761,0.915162234269556,0.9364501089454903,-1.3617904080152383,0.17375484997178148,-0.08198208415570957,False,False,6.0
